Comment,Designator,Footprint,LCSC
220u,"C18,C22",CP_EIA-3528-15_AVX-H,C122252
5.1M,R3,R_0603_1608Metric,C13320
10u,C17,C_1206_3216Metric,C13585
0.1u,"C1,C10,C11,C16,C2,C21,C23,C5,C9",C_0603_1608Metric,C14663
THS7314,IC2,SOIC-8_3.9x4.9mm_P1.27mm,C1523090
1u,C3,C_0603_1608Metric,C15849
10u,"C12,C24,C6,C7,C8",C_0805_2012Metric,C15850
1.2k,"R10,R11,R2,R38",R_0603_1608Metric,C21190
150k,"R23,R24",R_0603_1608Metric,C22807
90.9,"R14,R22",R_0603_1608Metric,C228097
27k,R36,R_0603_1608Metric,C22967
3.3k,R1,R_0603_1608Metric,C22978
412,"R18,R25",R_0603_1608Metric,C23051
330,"R26,R27",R_0603_1608Metric,C23138
4.7k,"R21,R37",R_0603_1608Metric,C23162
10k,"R19,R20,R7,R8,R9",R_0603_1608Metric,C25804
8.2k,R34,R_0603_1608Metric,C25981
THS7374TSSOP14_LONG,IC1,TSSOP-14_4.4x5mm_P0.65mm,C2652746
47u,"C19,C20",CP_EIA-3528-15_AVX-H,C308912
150p,"C14,C15",C_0603_1608Metric,C37298
2.2k,"R4,R5,R6",R_0603_1608Metric,C4190
33k,"R12,R13,R16,R17",R_0603_1608Metric,C4216
6.2k,R35,R_0603_1608Metric,C4260
75,R15,R_0603_1608Metric,C4275
TL972IDR,IC3,SOIC-8_3.9x4.9mm_P1.27mm,C46127
FH12-20S-0.5SH(55),J4,Hirose_FH12-20S-0.5SH_1x20-1MP_P0.50mm_Horizontal,C596730
MountingHole,H3,MountingHole_2.1mm,
MountingHole,H2,MountingHole_2.1mm,
MountingHole,H1,MountingHole_2.1mm,
SMD_J,LPF_OFF1,SolderJumper-2,
PTH_42x62,XSR1,Pin_D1.1mm,
PTH_42x62,XSL1,Pin_D1.1mm,
PTH_42x62,XSIN1,Pin_D1.1mm,
PTH_42x62,XS1,Pin_D1.1mm,
PTH_42x62,XR1,Pin_D1.1mm,
PTH_42x62,XGND1,Pin_D1.1mm,
PTH_42x62,XG1,Pin_D1.1mm,
PTH_42x62,XCV1,Pin_D1.1mm,
PTH_42x62,XB1,Pin_D1.1mm,
PTH_42x62,X5V1,Pin_D1.1mm,
PTH_42x62,AGND1,Pin_D1.1mm,
PTH_42x62,A5V1,Pin_D1.1mm,
PTH_42x62,J3,Pin_D1.1mm,
MountingHole,H5,MountingHole_2.1mm,
MountingHole,H4,MountingHole_2.1mm,
